Number,Ticket Created Date,Ticket Last Updated Date,Ticket,Ticket Full Name,Ticket First Name,Ticket Last Name,Ticket Email,Ticket Company Name,Ticket Phone Number,Event,Void Status,Price,Ticket Reference,Tags,Unique Ticket URL,Unique Order URL,Order Reference,Order Name,Order Email,Order Company Name,Order Phone Number,Order Discount Code,Order IP,Order Created Date,Order Completed Date,Payment Reference,Dietary Needs?,T-Shirt Size?,General Admission,Training Day,Sponsor,Speaker,Early Bird
16,2016-01-14 18:49:13 UTC,2016-01-14 18:49:13 UTC,Speaker,Justin Sellers,Justin,Sellers,none@no.net,,,Sample Event,,0,B5D6-1,,https://ti.to/,https://ti.to/,B5D6,Nobody Bought This,none@no.net,-,-,-,0.0.0.0,2016-01-14 18:49:13 UTC,2016-01-14 18:49:13 UTC,ch_NOPE,-,Men's Medium,,,,1,
20,2016-01-14 18:49:13 UTC,2016-01-14 18:49:13 UTC,Speaker,Teresa David,Teresa,David,none@no.net,,,Sample Event,,0,A5U4-1,,https://ti.to/,https://ti.to/,A5U4,Nobody Bought This,none@no.net,-,-,-,0.0.0.0,2016-01-14 18:49:13 UTC,2016-01-14 18:49:13 UTC,ch_NOPE,-,Men's Large,,,,1,
22,2016-01-14 18:49:13 UTC,2016-01-14 18:49:13 UTC,Speaker,Ramon Fritz,Ramon,Fritz,none@no.net,,,Sample Event,,0,CP20-1,,https://ti.to/,https://ti.to/,CP20,Nobody Bought This,none@no.net,-,-,-,0.0.0.0,2016-01-14 18:49:13 UTC,2016-01-14 18:49:13 UTC,ch_NOPE,-,Men's XL,,,,1,
25,2016-01-14 18:49:13 UTC,2016-01-14 18:49:13 UTC,Speaker,Gretchen Rivera,Gretchen,Rivera,none@no.net,,,Sample Event,,0,6XN3-1,,https://ti.to/,https://ti.to/,6XN3,Nobody Bought This,none@no.net,-,-,-,0.0.0.0,2016-01-14 18:49:13 UTC,2016-01-14 18:49:13 UTC,ch_NOPE,-,Men's Medium,,,,1,
29,2016-01-14 18:49:13 UTC,2016-01-14 18:49:13 UTC,Speaker,Dayton Hart,Dayton,Hart,none@no.net,,,Sample Event,,0,WJJE-1,,https://ti.to/,https://ti.to/,WJJE,Nobody Bought This,none@no.net,-,-,-,0.0.0.0,2016-01-14 18:49:13 UTC,2016-01-14 18:49:13 UTC,ch_NOPE,Vegetarian,Men's Medium,,,,1,
31,2016-01-14 18:49:13 UTC,2016-01-14 18:49:13 UTC,Speaker,Marco Hughes,Marco,Hughes,none@no.net,,,Sample Event,,0,MJF9-1,,https://ti.to/,https://ti.to/,MJF9,Nobody Bought This,none@no.net,-,-,-,0.0.0.0,2016-01-14 18:49:13 UTC,2016-01-14 18:49:13 UTC,ch_NOPE,-,Women's Medium,,,,1,
35,2016-01-14 18:49:13 UTC,2016-01-14 18:49:13 UTC,Speaker,Kael Brennan,Kael,Brennan,none@no.net,,,Sample Event,,0,QD53-1,,https://ti.to/,https://ti.to/,QD53,Nobody Bought This,none@no.net,-,-,-,0.0.0.0,2016-01-14 18:49:13 UTC,2016-01-14 18:49:13 UTC,ch_NOPE,-,Men's Small,,,,1,
37,2016-01-14 18:49:13 UTC,2016-01-14 18:49:13 UTC,Speaker,Misael Melton,Misael,Melton,none@no.net,,,Sample Event,,0,77XQ-1,,https://ti.to/,https://ti.to/,77XQ,Nobody Bought This,none@no.net,-,-,-,0.0.0.0,2016-01-14 18:49:13 UTC,2016-01-14 18:49:13 UTC,ch_NOPE,-,Men's Medium,,,,1,
40,2016-01-14 18:49:13 UTC,2016-01-14 18:49:13 UTC,Speaker,Kolton Levine,Kolton,Levine,none@no.net,,,Sample Event,,0,GWDX-1,,https://ti.to/,https://ti.to/,GWDX,Nobody Bought This,none@no.net,-,-,-,0.0.0.0,2016-01-14 18:49:13 UTC,2016-01-14 18:49:13 UTC,ch_NOPE,-,Women's Large,,,,1,
43,2016-01-14 18:49:13 UTC,2016-01-14 18:49:13 UTC,Early Bird + Training Day,Kinsley Beasley,Kinsley,Beasley,none@no.net,,,Sample Event,,0,HGUO-1,,https://ti.to/,https://ti.to/,HGUO,Nobody Bought This,none@no.net,-,-,-,0.0.0.0,2016-01-14 18:49:13 UTC,2016-01-14 18:49:13 UTC,ch_NOPE,-,Men's XXL,1,1,,,1
46,2016-01-14 18:49:13 UTC,2016-01-14 18:49:13 UTC,Early Bird,Donte Good,Donte,Good,none@no.net,,,Sample Event,,0,VUTR-1,,https://ti.to/,https://ti.to/,VUTR,Nobody Bought This,none@no.net,-,-,-,0.0.0.0,2016-01-14 18:49:13 UTC,2016-01-14 18:49:13 UTC,ch_NOPE,-,Men's Medium,1,,,,1
49,2016-01-14 18:49:13 UTC,2016-01-14 18:49:13 UTC,Speaker,Rashad Hobbs,Rashad,Hobbs,none@no.net,,,Sample Event,,0,4W4B-1,,https://ti.to/,https://ti.to/,4W4B,Nobody Bought This,none@no.net,-,-,-,0.0.0.0,2016-01-14 18:49:13 UTC,2016-01-14 18:49:13 UTC,ch_NOPE,-,Men's XXXL,,,,1,
52,2016-01-14 18:49:13 UTC,2016-01-14 18:49:13 UTC,Speaker,Julio Sanders,Julio,Sanders,none@no.net,,,Sample Event,,0,PXBC-1,,https://ti.to/,https://ti.to/,PXBC,Nobody Bought This,none@no.net,-,-,-,0.0.0.0,2016-01-14 18:49:13 UTC,2016-01-14 18:49:13 UTC,ch_NOPE,-,Men's Large,,,,1,
195,2016-01-14 18:49:13 UTC,2016-01-14 18:49:13 UTC,Speaker,Gilbert Barber,Gilbert,Barber,none@no.net,,,Sample Event,,0,RM12-1,,https://ti.to/,https://ti.to/,RM12,Nobody Bought This,none@no.net,-,-,-,0.0.0.0,2016-01-14 18:49:13 UTC,2016-01-14 18:49:13 UTC,ch_NOPE,-,Women's Small,,,,1,
59,2016-01-14 18:49:13 UTC,2016-01-14 18:49:13 UTC,Early Bird + Training Day,Sariah Shea,Sariah,Shea,none@no.net,,,Sample Event,,0,ZEP6-1,,https://ti.to/,https://ti.to/,ZEP6,Nobody Bought This,none@no.net,-,-,-,0.0.0.0,2016-01-14 18:49:13 UTC,2016-01-14 18:49:13 UTC,ch_NOPE,-,Men's XL,1,1,,,1
61,2016-01-14 18:49:13 UTC,2016-01-14 18:49:13 UTC,Early Bird + Training Day,Ansley Avery,Ansley,Avery,none@no.net,,,Sample Event,,0,A07F-1,,https://ti.to/,https://ti.to/,A07F,Nobody Bought This,none@no.net,-,-,-,0.0.0.0,2016-01-14 18:49:13 UTC,2016-01-14 18:49:13 UTC,ch_NOPE,-,Men's Large,1,1,,,1
64,2016-01-14 18:49:13 UTC,2016-01-14 18:49:13 UTC,Speaker,Ryland Pacheco,Ryland,Pacheco,none@no.net,,,Sample Event,,0,1LUK-1,,https://ti.to/,https://ti.to/,1LUK,Nobody Bought This,none@no.net,-,-,-,0.0.0.0,2016-01-14 18:49:13 UTC,2016-01-14 18:49:13 UTC,ch_NOPE,-,Men's XL,,,,1,
67,2016-01-14 18:49:13 UTC,2016-01-14 18:49:13 UTC,Speaker,Samson Ellis,Samson,Ellis,none@no.net,,,Sample Event,,0,UZWQ-1,,https://ti.to/,https://ti.to/,UZWQ,Nobody Bought This,none@no.net,-,-,-,0.0.0.0,2016-01-14 18:49:13 UTC,2016-01-14 18:49:13 UTC,ch_NOPE,Vegetarian,Men's XL,,,,1,
70,2016-01-14 18:49:13 UTC,2016-01-14 18:49:13 UTC,Early Bird,Evangeline Huang,Evangeline,Huang,none@no.net,,,Sample Event,,0,Y4S2-1,,https://ti.to/,https://ti.to/,Y4S2,Nobody Bought This,none@no.net,-,-,-,0.0.0.0,2016-01-14 18:49:13 UTC,2016-01-14 18:49:13 UTC,ch_NOPE,-,Men's XXXL,1,,,,1
74,2016-01-14 18:49:13 UTC,2016-01-14 18:49:13 UTC,Speaker,Leonardo Burton,Leonardo,Burton,none@no.net,,,Sample Event,,0,ZXE3-1,,https://ti.to/,https://ti.to/,ZXE3,Nobody Bought This,none@no.net,-,-,-,0.0.0.0,2016-01-14 18:49:13 UTC,2016-01-14 18:49:13 UTC,ch_NOPE,-,Men's XXL,,,,1,
77,2016-01-14 18:49:13 UTC,2016-01-14 18:49:13 UTC,Speaker,Desirae Cervantes,Desirae,Cervantes,none@no.net,,,Sample Event,,0,J4OJ-1,,https://ti.to/,https://ti.to/,J4OJ,Nobody Bought This,none@no.net,-,-,-,0.0.0.0,2016-01-14 18:49:13 UTC,2016-01-14 18:49:13 UTC,ch_NOPE,-,Men's XXL,,,,1,
80,2016-01-14 18:49:13 UTC,2016-01-14 18:49:13 UTC,Speaker,Hannah Hunt,Hannah,Hunt,none@no.net,,,Sample Event,,0,5V94-1,,https://ti.to/,https://ti.to/,5V94,Nobody Bought This,none@no.net,-,-,-,0.0.0.0,2016-01-14 18:49:13 UTC,2016-01-14 18:49:13 UTC,ch_NOPE,-,Men's Large,,,,1,
83,2016-01-14 18:49:13 UTC,2016-01-14 18:49:13 UTC,Early Bird,Hanna Wilcox,Hanna,Wilcox,none@no.net,,,Sample Event,,0,4L8D-1,,https://ti.to/,https://ti.to/,4L8D,Nobody Bought This,none@no.net,-,-,-,0.0.0.0,2016-01-14 18:49:13 UTC,2016-01-14 18:49:13 UTC,ch_NOPE,-,-,1,,,,1
86,2016-01-14 18:49:13 UTC,2016-01-14 18:49:13 UTC,Early Bird + Training Day,Anika Nicholson,Anika,Nicholson,none@no.net,,,Sample Event,,0,0XO4-1,,https://ti.to/,https://ti.to/,0XO4,Nobody Bought This,none@no.net,-,-,-,0.0.0.0,2016-01-14 18:49:13 UTC,2016-01-14 18:49:13 UTC,ch_NOPE,-,Women's XXL,1,1,,,1
89,2016-01-14 18:49:13 UTC,2016-01-14 18:49:13 UTC,Speaker,Stephen Meadows,Stephen,Meadows,none@no.net,,,Sample Event,,0,XOZS-1,,https://ti.to/,https://ti.to/,XOZS,Nobody Bought This,none@no.net,-,-,-,0.0.0.0,2016-01-14 18:49:13 UTC,2016-01-14 18:49:13 UTC,ch_NOPE,-,Men's XL,,,,1,
92,2016-01-14 18:49:13 UTC,2016-01-14 18:49:13 UTC,Early Bird + Training Day,Barrett Crosby,Barrett,Crosby,none@no.net,,,Sample Event,,0,CTRZ-1,,https://ti.to/,https://ti.to/,CTRZ,Nobody Bought This,none@no.net,-,-,-,0.0.0.0,2016-01-14 18:49:13 UTC,2016-01-14 18:49:13 UTC,ch_NOPE,-,Men's XL,1,1,,,1
95,2016-01-14 18:49:13 UTC,2016-01-14 18:49:13 UTC,Speaker,Tony Oneill,Tony,Oneill,none@no.net,,,Sample Event,,0,BUNW-1,,https://ti.to/,https://ti.to/,BUNW,Nobody Bought This,none@no.net,-,-,-,0.0.0.0,2016-01-14 18:49:13 UTC,2016-01-14 18:49:13 UTC,ch_NOPE,-,Men's XL,,,,1,
98,2016-01-14 18:49:13 UTC,2016-01-14 18:49:13 UTC,Early Bird + Training Day,Ayden Farrell,Ayden,Farrell,none@no.net,,,Sample Event,,0,39CC-1,,https://ti.to/,https://ti.to/,39CC,Nobody Bought This,none@no.net,-,-,-,0.0.0.0,2016-01-14 18:49:13 UTC,2016-01-14 18:49:13 UTC,ch_NOPE,-,Men's XL,1,1,,,1
101,2016-01-14 18:49:13 UTC,2016-01-14 18:49:13 UTC,Speaker,Lilly Hays,Lilly,Hays,none@no.net,,,Sample Event,,0,9VXF-1,,https://ti.to/,https://ti.to/,9VXF,Nobody Bought This,none@no.net,-,-,-,0.0.0.0,2016-01-14 18:49:13 UTC,2016-01-14 18:49:13 UTC,ch_NOPE,-,Women's XL,,,,1,
104,2016-01-14 18:49:13 UTC,2016-01-14 18:49:13 UTC,Early Bird + Training Day,Israel Ortega,Israel,Ortega,none@no.net,,,Sample Event,,0,MXJF-1,,https://ti.to/,https://ti.to/,MXJF,Nobody Bought This,none@no.net,-,-,-,0.0.0.0,2016-01-14 18:49:13 UTC,2016-01-14 18:49:13 UTC,ch_NOPE,-,Men's XXL,1,1,,,1
107,2016-01-14 18:49:13 UTC,2016-01-14 18:49:13 UTC,Speaker,Dominic Burch,Dominic,Burch,none@no.net,,,Sample Event,,0,M0PI-1,,https://ti.to/,https://ti.to/,M0PI,Nobody Bought This,none@no.net,-,-,-,0.0.0.0,2016-01-14 18:49:13 UTC,2016-01-14 18:49:13 UTC,ch_NOPE,-,Women's Medium,,,,1,
115,2016-01-14 18:49:13 UTC,2016-01-14 18:49:13 UTC,Early Bird,Nikolas Carroll,Nikolas,Carroll,none@no.net,,,Sample Event,,0,1TZB-1,,https://ti.to/,https://ti.to/,1TZB,Nobody Bought This,none@no.net,-,-,-,0.0.0.0,2016-01-14 18:49:13 UTC,2016-01-14 18:49:13 UTC,ch_NOPE,-,Men's XL,1,,,,1
117,2016-01-14 18:49:13 UTC,2016-01-14 18:49:13 UTC,Early Bird,Benjamin Gibson,Benjamin,Gibson,none@no.net,,,Sample Event,,0,QYFL-1,,https://ti.to/,https://ti.to/,QYFL,Nobody Bought This,none@no.net,-,-,-,0.0.0.0,2016-01-14 18:49:13 UTC,2016-01-14 18:49:13 UTC,ch_NOPE,-,Men's XXXL,1,,,,1
119,2016-01-14 18:49:13 UTC,2016-01-14 18:49:13 UTC,Early Bird,Ricardo Rojas,Ricardo,Rojas,none@no.net,,,Sample Event,,0,8V1Z-1,,https://ti.to/,https://ti.to/,8V1Z,Nobody Bought This,none@no.net,-,-,-,0.0.0.0,2016-01-14 18:49:13 UTC,2016-01-14 18:49:13 UTC,ch_NOPE,-,Men's XXL,1,,,,1
121,2016-01-14 18:49:13 UTC,2016-01-14 18:49:13 UTC,Early Bird,Felicity Summers,Felicity,Summers,none@no.net,,,Sample Event,,0,NYIL-1,,https://ti.to/,https://ti.to/,NYIL,Nobody Bought This,none@no.net,-,-,-,0.0.0.0,2016-01-14 18:49:13 UTC,2016-01-14 18:49:13 UTC,ch_NOPE,-,Men's Medium,1,,,,1
123,2016-01-14 18:49:13 UTC,2016-01-14 18:49:13 UTC,Early Bird,Pranav Gross,Pranav,Gross,none@no.net,,,Sample Event,,0,IMA5-1,,https://ti.to/,https://ti.to/,IMA5,Nobody Bought This,none@no.net,-,-,-,0.0.0.0,2016-01-14 18:49:13 UTC,2016-01-14 18:49:13 UTC,ch_NOPE,-,Men's XXL,1,,,,1
125,2016-01-14 18:49:13 UTC,2016-01-14 18:49:13 UTC,Early Bird,Antoine Le,Antoine,Le,none@no.net,,,Sample Event,,0,J5DE-1,,https://ti.to/,https://ti.to/,J5DE,Nobody Bought This,none@no.net,-,-,-,0.0.0.0,2016-01-14 18:49:13 UTC,2016-01-14 18:49:13 UTC,ch_NOPE,-,Men's XL,1,,,,1
128,2016-01-14 18:49:13 UTC,2016-01-14 18:49:13 UTC,Early Bird + Training Day,Xzavier Warner,Xzavier,Warner,none@no.net,,,Sample Event,,0,AIS9-1,,https://ti.to/,https://ti.to/,AIS9,Nobody Bought This,none@no.net,-,-,-,0.0.0.0,2016-01-14 18:49:13 UTC,2016-01-14 18:49:13 UTC,ch_NOPE,-,Men's XXL,1,1,,,1
131,2016-01-14 18:49:13 UTC,2016-01-14 18:49:13 UTC,Speaker,Alfredo Curry,Alfredo,Curry,none@no.net,,,Sample Event,,0,FTGM-1,,https://ti.to/,https://ti.to/,FTGM,Nobody Bought This,none@no.net,-,-,-,0.0.0.0,2016-01-14 18:49:13 UTC,2016-01-14 18:49:13 UTC,ch_NOPE,-,Men's Large,,,,1,
136,2016-01-14 18:49:13 UTC,2016-01-14 18:49:13 UTC,Early Bird + Training Day,Stacy Barker,Stacy,Barker,none@no.net,,,Sample Event,,0,DI7S-1,,https://ti.to/,https://ti.to/,DI7S,Nobody Bought This,none@no.net,-,-,-,0.0.0.0,2016-01-14 18:49:13 UTC,2016-01-14 18:49:13 UTC,ch_NOPE,Vegetarian,Men's Medium,1,1,,,1
138,2016-01-14 18:49:13 UTC,2016-01-14 18:49:13 UTC,Early Bird + Training Day,Tessa Stark,Tessa,Stark,none@no.net,,,Sample Event,,0,4MGF-1,,https://ti.to/,https://ti.to/,4MGF,Nobody Bought This,none@no.net,-,-,-,0.0.0.0,2016-01-14 18:49:13 UTC,2016-01-14 18:49:13 UTC,ch_NOPE,-,Men's XXL,1,1,,,1
140,2016-01-14 18:49:13 UTC,2016-01-14 18:49:13 UTC,Early Bird + Training Day,Natasha Benton,Natasha,Benton,none@no.net,,,Sample Event,,0,30EO-1,,https://ti.to/,https://ti.to/,30EO,Nobody Bought This,none@no.net,-,-,-,0.0.0.0,2016-01-14 18:49:13 UTC,2016-01-14 18:49:13 UTC,ch_NOPE,-,Men's Medium,1,1,,,1
143,2016-01-14 18:49:13 UTC,2016-01-14 18:49:13 UTC,Early Bird,Jack Cooley,Jack,Cooley,none@no.net,,,Sample Event,,0,472X-1,,https://ti.to/,https://ti.to/,472X,Nobody Bought This,none@no.net,-,-,-,0.0.0.0,2016-01-14 18:49:13 UTC,2016-01-14 18:49:13 UTC,ch_NOPE,-,Men's Medium,1,,,,1
146,2016-01-14 18:49:13 UTC,2016-01-14 18:49:13 UTC,Early Bird + Training Day,Julianne Yang,Julianne,Yang,none@no.net,,,Sample Event,,0,O87A-1,,https://ti.to/,https://ti.to/,O87A,Nobody Bought This,none@no.net,-,-,-,0.0.0.0,2016-01-14 18:49:13 UTC,2016-01-14 18:49:13 UTC,ch_NOPE,-,Men's Medium,1,1,,,1
149,2016-01-14 18:49:13 UTC,2016-01-14 18:49:13 UTC,Speaker,Savion Rangel,Savion,Rangel,none@no.net,,,Sample Event,,0,ZU96-1,,https://ti.to/,https://ti.to/,ZU96,Nobody Bought This,none@no.net,-,-,-,0.0.0.0,2016-01-14 18:49:13 UTC,2016-01-14 18:49:13 UTC,ch_NOPE,-,Men's Large,,,,1,
152,2016-01-14 18:49:13 UTC,2016-01-14 18:49:13 UTC,Speaker,Warren Randall,Warren,Randall,none@no.net,,,Sample Event,,0,PVAH-1,,https://ti.to/,https://ti.to/,PVAH,Nobody Bought This,none@no.net,-,-,-,0.0.0.0,2016-01-14 18:49:13 UTC,2016-01-14 18:49:13 UTC,ch_NOPE,-,Men's XL,,,,1,
156,2016-01-14 18:49:13 UTC,2016-01-14 18:49:13 UTC,Early Bird,Martha Caldwell,Martha,Caldwell,none@no.net,,,Sample Event,,0,GFGO-1,,https://ti.to/,https://ti.to/,GFGO,Nobody Bought This,none@no.net,-,-,-,0.0.0.0,2016-01-14 18:49:13 UTC,2016-01-14 18:49:13 UTC,ch_NOPE,-,Men's XXL,1,,,,1
158,2016-01-14 18:49:13 UTC,2016-01-14 18:49:13 UTC,Early Bird,Santiago Blair,Santiago,Blair,none@no.net,,,Sample Event,,0,POWF-1,,https://ti.to/,https://ti.to/,POWF,Nobody Bought This,none@no.net,-,-,-,0.0.0.0,2016-01-14 18:49:13 UTC,2016-01-14 18:49:13 UTC,ch_NOPE,-,Men's Medium,1,,,,1
162,2016-01-14 18:49:13 UTC,2016-01-14 18:49:13 UTC,Early Bird + Training Day,Bella Evans,Bella,Evans,none@no.net,,,Sample Event,,0,1ZQ6-1,,https://ti.to/,https://ti.to/,1ZQ6,Nobody Bought This,none@no.net,-,-,-,0.0.0.0,2016-01-14 18:49:13 UTC,2016-01-14 18:49:13 UTC,ch_NOPE,-,Men's Large,1,1,,,1
164,2016-01-14 18:49:13 UTC,2016-01-14 18:49:13 UTC,Early Bird + Training Day,Sadie Mann,Sadie,Mann,none@no.net,,,Sample Event,,0,G5CS-1,,https://ti.to/,https://ti.to/,G5CS,Nobody Bought This,none@no.net,-,-,-,0.0.0.0,2016-01-14 18:49:13 UTC,2016-01-14 18:49:13 UTC,ch_NOPE,-,Men's Large,1,1,,,1
167,2016-01-14 18:49:13 UTC,2016-01-14 18:49:13 UTC,Early Bird + Training Day,Ean Huff,Ean,Huff,none@no.net,,,Sample Event,,0,B5D6-1,,https://ti.to/,https://ti.to/,B5D6,Nobody Bought This,none@no.net,-,-,-,0.0.0.0,2016-01-14 18:49:13 UTC,2016-01-14 18:49:13 UTC,ch_NOPE,-,Men's Small,1,1,,,1
170,2016-01-14 18:49:13 UTC,2016-01-14 18:49:13 UTC,Early Bird + Training Day,Cierra Mueller,Cierra,Mueller,none@no.net,,,Sample Event,,0,A5U4-1,,https://ti.to/,https://ti.to/,A5U4,Nobody Bought This,none@no.net,-,-,-,0.0.0.0,2016-01-14 18:49:13 UTC,2016-01-14 18:49:13 UTC,ch_NOPE,-,Men's Large,1,1,,,1
175,2016-01-14 18:49:13 UTC,2016-01-14 18:49:13 UTC,Early Bird,Ally Pruitt,Ally,Pruitt,none@no.net,,,Sample Event,,0,CP20-1,,https://ti.to/,https://ti.to/,CP20,Nobody Bought This,none@no.net,-,-,-,0.0.0.0,2016-01-14 18:49:13 UTC,2016-01-14 18:49:13 UTC,ch_NOPE,-,Men's XXL,1,,,,1
177,2016-01-14 18:49:13 UTC,2016-01-14 18:49:13 UTC,Early Bird,Nevaeh Golden,Nevaeh,Golden,none@no.net,,,Sample Event,,0,6XN3-1,,https://ti.to/,https://ti.to/,6XN3,Nobody Bought This,none@no.net,-,-,-,0.0.0.0,2016-01-14 18:49:13 UTC,2016-01-14 18:49:13 UTC,ch_NOPE,-,Men's XL,1,,,,1
180,2016-01-14 18:49:13 UTC,2016-01-14 18:49:13 UTC,Early Bird,Alessandro Hancock,Alessandro,Hancock,none@no.net,,,Sample Event,,0,WJJE-1,,https://ti.to/,https://ti.to/,WJJE,Nobody Bought This,none@no.net,-,-,-,0.0.0.0,2016-01-14 18:49:13 UTC,2016-01-14 18:49:13 UTC,ch_NOPE,-,Men's Medium,1,,,,1
183,2016-01-14 18:49:13 UTC,2016-01-14 18:49:13 UTC,Early Bird + Training Day,Jaylene Blake,Jaylene,Blake,none@no.net,,,Sample Event,,0,MJF9-1,,https://ti.to/,https://ti.to/,MJF9,Nobody Bought This,none@no.net,-,-,-,0.0.0.0,2016-01-14 18:49:13 UTC,2016-01-14 18:49:13 UTC,ch_NOPE,-,Men's Large,1,1,,,1
186,2016-01-14 18:49:13 UTC,2016-01-14 18:49:13 UTC,Early Bird,Hayley Whitaker,Hayley,Whitaker,none@no.net,,,Sample Event,,0,QD53-1,,https://ti.to/,https://ti.to/,QD53,Nobody Bought This,none@no.net,-,-,-,0.0.0.0,2016-01-14 18:49:13 UTC,2016-01-14 18:49:13 UTC,ch_NOPE,-,Men's XL,1,,,,1
216,2016-01-14 18:49:13 UTC,2016-01-14 18:49:13 UTC,Early Bird,Mayra Goodman,Mayra,Goodman,none@no.net,,,Sample Event,,0,77XQ-1,,https://ti.to/,https://ti.to/,77XQ,Nobody Bought This,none@no.net,-,-,-,0.0.0.0,2016-01-14 18:49:13 UTC,2016-01-14 18:49:13 UTC,ch_NOPE,Vegan,Men's XXL,1,,,,1
192,2016-01-14 18:49:13 UTC,2016-01-14 18:49:13 UTC,Early Bird,Dangelo Mullen,Dangelo,Mullen,none@no.net,,,Sample Event,,0,GWDX-1,,https://ti.to/,https://ti.to/,GWDX,Nobody Bought This,none@no.net,-,-,-,0.0.0.0,2016-01-14 18:49:13 UTC,2016-01-14 18:49:13 UTC,ch_NOPE,-,Men's XXXL,1,,,,1
198,2016-01-14 18:49:13 UTC,2016-01-14 18:49:13 UTC,Speaker,Elliott Montgomery,Elliott,Montgomery,none@no.net,,,Sample Event,,0,HGUO-1,,https://ti.to/,https://ti.to/,HGUO,Nobody Bought This,none@no.net,-,-,-,0.0.0.0,2016-01-14 18:49:13 UTC,2016-01-14 18:49:13 UTC,ch_NOPE,-,Women's Medium,,,,1,
201,2016-01-14 18:49:13 UTC,2016-01-14 18:49:13 UTC,Speaker,Micah Frey,Micah,Frey,none@no.net,,,Sample Event,,0,VUTR-1,,https://ti.to/,https://ti.to/,VUTR,Nobody Bought This,none@no.net,-,-,-,0.0.0.0,2016-01-14 18:49:13 UTC,2016-01-14 18:49:13 UTC,ch_NOPE,-,Men's Large,,,,1,
204,2016-01-14 18:49:13 UTC,2016-01-14 18:49:13 UTC,General Admission,Alexandra Odonnell,Alexandra,Odonnell,none@no.net,,,Sample Event,,0,4W4B-1,,https://ti.to/,https://ti.to/,4W4B,Nobody Bought This,none@no.net,-,-,-,0.0.0.0,2016-01-14 18:49:13 UTC,2016-01-14 18:49:13 UTC,ch_NOPE,-,Men's Large,1,,,,
207,2016-01-14 18:49:13 UTC,2016-01-14 18:49:13 UTC,Speaker,Xander Trujillo,Xander,Trujillo,none@no.net,,,Sample Event,,0,PXBC-1,,https://ti.to/,https://ti.to/,PXBC,Nobody Bought This,none@no.net,-,-,-,0.0.0.0,2016-01-14 18:49:13 UTC,2016-01-14 18:49:13 UTC,ch_NOPE,-,Men's XXL,,,,1,
210,2016-01-14 18:49:13 UTC,2016-01-14 18:49:13 UTC,Early Bird,John Gates,John,Gates,none@no.net,,,Sample Event,,0,RM12-1,,https://ti.to/,https://ti.to/,RM12,Nobody Bought This,none@no.net,-,-,-,0.0.0.0,2016-01-14 18:49:13 UTC,2016-01-14 18:49:13 UTC,ch_NOPE,-,Women's Large,1,,,,1
213,2016-01-14 18:49:13 UTC,2016-01-14 18:49:13 UTC,Early Bird + Training Day,Heather West,Heather,West,none@no.net,,,Sample Event,,0,ZEP6-1,,https://ti.to/,https://ti.to/,ZEP6,Nobody Bought This,none@no.net,-,-,-,0.0.0.0,2016-01-14 18:49:13 UTC,2016-01-14 18:49:13 UTC,ch_NOPE,-,Men's Medium,1,1,,,1
219,2016-01-14 18:49:13 UTC,2016-01-14 18:49:13 UTC,Early Bird + Training Day,Isabel Tran,Isabel,Tran,none@no.net,,,Sample Event,,0,A07F-1,,https://ti.to/,https://ti.to/,A07F,Nobody Bought This,none@no.net,-,-,-,0.0.0.0,2016-01-14 18:49:13 UTC,2016-01-14 18:49:13 UTC,ch_NOPE,-,Men's Large,1,1,,,1
222,2016-01-14 18:49:13 UTC,2016-01-14 18:49:13 UTC,Early Bird + Training Day,Haley Wall,Haley,Wall,none@no.net,,,Sample Event,,0,1LUK-1,,https://ti.to/,https://ti.to/,1LUK,Nobody Bought This,none@no.net,-,-,-,0.0.0.0,2016-01-14 18:49:13 UTC,2016-01-14 18:49:13 UTC,ch_NOPE,-,Men's Large,1,1,,,1
225,2016-01-14 18:49:13 UTC,2016-01-14 18:49:13 UTC,Early Bird,America Vargas,America,Vargas,none@no.net,,,Sample Event,,0,UZWQ-1,,https://ti.to/,https://ti.to/,UZWQ,Nobody Bought This,none@no.net,-,-,-,0.0.0.0,2016-01-14 18:49:13 UTC,2016-01-14 18:49:13 UTC,ch_NOPE,-,Men's XL,1,,,,1
229,2016-01-14 18:49:13 UTC,2016-01-14 18:49:13 UTC,Early Bird,Maia Diaz,Maia,Diaz,none@no.net,,,Sample Event,,0,Y4S2-1,,https://ti.to/,https://ti.to/,Y4S2,Nobody Bought This,none@no.net,-,-,-,0.0.0.0,2016-01-14 18:49:13 UTC,2016-01-14 18:49:13 UTC,ch_NOPE,Kosher,Men's Large,1,,,,1
231,2016-01-14 18:49:13 UTC,2016-01-14 18:49:13 UTC,Early Bird,Muhammad Rosales,Muhammad,Rosales,none@no.net,,,Sample Event,,0,ZXE3-1,,https://ti.to/,https://ti.to/,ZXE3,Nobody Bought This,none@no.net,-,-,-,0.0.0.0,2016-01-14 18:49:13 UTC,2016-01-14 18:49:13 UTC,ch_NOPE,-,Women's Small,1,,,,1
234,2016-01-14 18:49:13 UTC,2016-01-14 18:49:13 UTC,Early Bird,Grayson Mcknight,Grayson,Mcknight,none@no.net,,,Sample Event,,0,J4OJ-1,,https://ti.to/,https://ti.to/,J4OJ,Nobody Bought This,none@no.net,-,-,-,0.0.0.0,2016-01-14 18:49:13 UTC,2016-01-14 18:49:13 UTC,ch_NOPE,-,Women's XXL,1,,,,1
237,2016-01-14 18:49:13 UTC,2016-01-14 18:49:13 UTC,Early Bird,Ashton Vega,Ashton,Vega,none@no.net,,,Sample Event,,0,5V94-1,,https://ti.to/,https://ti.to/,5V94,Nobody Bought This,none@no.net,-,-,-,0.0.0.0,2016-01-14 18:49:13 UTC,2016-01-14 18:49:13 UTC,ch_NOPE,-,Men's XXL,1,,,,1
241,2016-01-14 18:49:13 UTC,2016-01-14 18:49:13 UTC,Early Bird,Vincent Mercer,Vincent,Mercer,none@no.net,,,Sample Event,,0,4L8D-1,,https://ti.to/,https://ti.to/,4L8D,Nobody Bought This,none@no.net,-,-,-,0.0.0.0,2016-01-14 18:49:13 UTC,2016-01-14 18:49:13 UTC,ch_NOPE,-,Men's Large,1,,,,1
246,2016-01-14 18:49:13 UTC,2016-01-14 18:49:13 UTC,Early Bird,Aimee Mcconnell,Aimee,Mcconnell,none@no.net,,,Sample Event,,0,0XO4-1,,https://ti.to/,https://ti.to/,0XO4,Nobody Bought This,none@no.net,-,-,-,0.0.0.0,2016-01-14 18:49:13 UTC,2016-01-14 18:49:13 UTC,ch_NOPE,-,Men's Large,1,,,,1
244,2016-01-14 18:49:13 UTC,2016-01-14 18:49:13 UTC,Early Bird,Jazmyn Barrera,Jazmyn,Barrera,none@no.net,,,Sample Event,,0,XOZS-1,,https://ti.to/,https://ti.to/,XOZS,Nobody Bought This,none@no.net,-,-,-,0.0.0.0,2016-01-14 18:49:13 UTC,2016-01-14 18:49:13 UTC,ch_NOPE,-,Men's Medium,1,,,,1
249,2016-01-14 18:49:13 UTC,2016-01-14 18:49:13 UTC,Early Bird,Trinity Clements,Trinity,Clements,none@no.net,,,Sample Event,,0,CTRZ-1,,https://ti.to/,https://ti.to/,CTRZ,Nobody Bought This,none@no.net,-,-,-,0.0.0.0,2016-01-14 18:49:13 UTC,2016-01-14 18:49:13 UTC,ch_NOPE,-,Women's Medium,1,,,,1
252,2016-01-14 18:49:13 UTC,2016-01-14 18:49:13 UTC,Early Bird,Finley Jenkins,Finley,Jenkins,none@no.net,,,Sample Event,,0,BUNW-1,,https://ti.to/,https://ti.to/,BUNW,Nobody Bought This,none@no.net,-,-,-,0.0.0.0,2016-01-14 18:49:13 UTC,2016-01-14 18:49:13 UTC,ch_NOPE,-,Men's XXL,1,,,,1
255,2016-01-14 18:49:13 UTC,2016-01-14 18:49:13 UTC,General Admission + Training Day,Declan Browning,Declan,Browning,none@no.net,,,Sample Event,,0,39CC-1,,https://ti.to/,https://ti.to/,39CC,Nobody Bought This,none@no.net,-,-,-,0.0.0.0,2016-01-14 18:49:13 UTC,2016-01-14 18:49:13 UTC,ch_NOPE,-,Men's XL,1,1,,,
258,2016-01-14 18:49:13 UTC,2016-01-14 18:49:13 UTC,Early Bird,Danika Parks,Danika,Parks,none@no.net,,,Sample Event,,0,9VXF-1,,https://ti.to/,https://ti.to/,9VXF,Nobody Bought This,none@no.net,-,-,-,0.0.0.0,2016-01-14 18:49:13 UTC,2016-01-14 18:49:13 UTC,ch_NOPE,-,Men's Large,1,,,,1
261,2016-01-14 18:49:13 UTC,2016-01-14 18:49:13 UTC,General Admission,Demarcus Herman,Demarcus,Herman,none@no.net,,,Sample Event,,0,MXJF-1,,https://ti.to/,https://ti.to/,MXJF,Nobody Bought This,none@no.net,-,-,-,0.0.0.0,2016-01-14 18:49:13 UTC,2016-01-14 18:49:13 UTC,ch_NOPE,-,Men's Large,1,,,,
264,2016-01-14 18:49:13 UTC,2016-01-14 18:49:13 UTC,Training Day,Leticia Sims,Leticia,Sims,none@no.net,,,Sample Event,,0,M0PI-1,,https://ti.to/,https://ti.to/,M0PI,Nobody Bought This,none@no.net,-,-,-,0.0.0.0,2016-01-14 18:49:13 UTC,2016-01-14 18:49:13 UTC,ch_NOPE,-,Men's Medium,,1,,,
265,2016-01-14 18:49:13 UTC,2016-01-14 18:49:13 UTC,General Admission,King Ortiz,King,Ortiz,none@no.net,,,Sample Event,,0,1TZB-1,,https://ti.to/,https://ti.to/,1TZB,Nobody Bought This,none@no.net,-,-,-,0.0.0.0,2016-01-14 18:49:13 UTC,2016-01-14 18:49:13 UTC,ch_NOPE,-,Men's Large,1,,,,
266,2016-01-14 18:49:13 UTC,2016-01-14 18:49:13 UTC,General Admission,Tania Skinner,Tania,Skinner,none@no.net,,,Sample Event,,0,QYFL-1,,https://ti.to/,https://ti.to/,QYFL,Nobody Bought This,none@no.net,-,-,-,0.0.0.0,2016-01-14 18:49:13 UTC,2016-01-14 18:49:13 UTC,ch_NOPE,-,Men's XXL,1,,,,
267,2016-01-14 18:49:13 UTC,2016-01-14 18:49:13 UTC,General Admission + Training Day,Maritza Bridges,Maritza,Bridges,none@no.net,,,Sample Event,,0,8V1Z-1,,https://ti.to/,https://ti.to/,8V1Z,Nobody Bought This,none@no.net,-,-,-,0.0.0.0,2016-01-14 18:49:13 UTC,2016-01-14 18:49:13 UTC,ch_NOPE,-,Women's Medium,1,1,,,
268,2016-01-14 18:49:13 UTC,2016-01-14 18:49:13 UTC,General Admission,Immanuel Brock,Immanuel,Brock,none@no.net,,,Sample Event,,0,NYIL-1,,https://ti.to/,https://ti.to/,NYIL,Nobody Bought This,none@no.net,-,-,-,0.0.0.0,2016-01-14 18:49:13 UTC,2016-01-14 18:49:13 UTC,ch_NOPE,-,Men's XL,1,,,,
269,2016-01-14 18:49:13 UTC,2016-01-14 18:49:13 UTC,General Admission + Training Day,Reyna Barajas,Reyna,Barajas,none@no.net,,,Sample Event,,0,IMA5-1,,https://ti.to/,https://ti.to/,IMA5,Nobody Bought This,none@no.net,-,-,-,0.0.0.0,2016-01-14 18:49:13 UTC,2016-01-14 18:49:13 UTC,ch_NOPE,-,Women's Medium,1,1,,,
270,2016-01-14 18:49:13 UTC,2016-01-14 18:49:13 UTC,General Admission + Training Day,Emely Stewart,Emely,Stewart,none@no.net,,,Sample Event,,0,J5DE-1,,https://ti.to/,https://ti.to/,J5DE,Nobody Bought This,none@no.net,-,-,-,0.0.0.0,2016-01-14 18:49:13 UTC,2016-01-14 18:49:13 UTC,ch_NOPE,-,Men's Large,1,1,,,
271,2016-01-14 18:49:13 UTC,2016-01-14 18:49:13 UTC,General Admission + Training Day,Anabel Burke,Anabel,Burke,none@no.net,,,Sample Event,,0,AIS9-1,,https://ti.to/,https://ti.to/,AIS9,Nobody Bought This,none@no.net,-,-,-,0.0.0.0,2016-01-14 18:49:13 UTC,2016-01-14 18:49:13 UTC,ch_NOPE,-,Men's Medium,1,1,,,
272,2016-01-14 18:49:13 UTC,2016-01-14 18:49:13 UTC,General Admission,Marquise Farmer,Marquise,Farmer,none@no.net,,,Sample Event,,0,FTGM-1,,https://ti.to/,https://ti.to/,FTGM,Nobody Bought This,none@no.net,-,-,-,0.0.0.0,2016-01-14 18:49:13 UTC,2016-01-14 18:49:13 UTC,ch_NOPE,Vegetarian,Men's XL,1,,,,
273,2016-01-14 18:49:13 UTC,2016-01-14 18:49:13 UTC,General Admission + Training Day,Saige Robinson,Saige,Robinson,none@no.net,,,Sample Event,,0,DI7S-1,,https://ti.to/,https://ti.to/,DI7S,Nobody Bought This,none@no.net,-,-,-,0.0.0.0,2016-01-14 18:49:13 UTC,2016-01-14 18:49:13 UTC,ch_NOPE,-,Men's Large,1,1,,,
274,2016-01-14 18:49:13 UTC,2016-01-14 18:49:13 UTC,General Admission + Training Day,Fernanda Cannon,Fernanda,Cannon,none@no.net,,,Sample Event,,0,4MGF-1,,https://ti.to/,https://ti.to/,4MGF,Nobody Bought This,none@no.net,-,-,-,0.0.0.0,2016-01-14 18:49:13 UTC,2016-01-14 18:49:13 UTC,ch_NOPE,Vegetarian,Men's Medium,1,1,,,
275,2016-01-14 18:49:13 UTC,2016-01-14 18:49:13 UTC,General Admission,Laura Shields,Laura,Shields,none@no.net,,,Sample Event,,0,30EO-1,,https://ti.to/,https://ti.to/,30EO,Nobody Bought This,none@no.net,-,-,-,0.0.0.0,2016-01-14 18:49:13 UTC,2016-01-14 18:49:13 UTC,ch_NOPE,-,Men's Medium,1,,,,
276,2016-01-14 18:49:13 UTC,2016-01-14 18:49:13 UTC,General Admission + Training Day,Winston Rich,Winston,Rich,none@no.net,,,Sample Event,,0,472X-1,,https://ti.to/,https://ti.to/,472X,Nobody Bought This,none@no.net,-,-,-,0.0.0.0,2016-01-14 18:49:13 UTC,2016-01-14 18:49:13 UTC,ch_NOPE,-,Women's Small,1,1,,,
277,2016-01-14 18:49:13 UTC,2016-01-14 18:49:13 UTC,General Admission,Rex Lopez,Rex,Lopez,none@no.net,,,Sample Event,,0,O87A-1,,https://ti.to/,https://ti.to/,O87A,Nobody Bought This,none@no.net,-,-,-,0.0.0.0,2016-01-14 18:49:13 UTC,2016-01-14 18:49:13 UTC,ch_NOPE,-,Men's Large,1,,,,
278,2016-01-14 18:49:13 UTC,2016-01-14 18:49:13 UTC,General Admission,Ashanti Roy,Ashanti,Roy,none@no.net,,,Sample Event,,0,ZU96-1,,https://ti.to/,https://ti.to/,ZU96,Nobody Bought This,none@no.net,-,-,-,0.0.0.0,2016-01-14 18:49:13 UTC,2016-01-14 18:49:13 UTC,ch_NOPE,-,Men's Large,1,,,,
279,2016-01-14 18:49:13 UTC,2016-01-14 18:49:13 UTC,General Admission + Training Day,Bobby Hoffman,Bobby,Hoffman,none@no.net,,,Sample Event,,0,PVAH-1,,https://ti.to/,https://ti.to/,PVAH,Nobody Bought This,none@no.net,-,-,-,0.0.0.0,2016-01-14 18:49:13 UTC,2016-01-14 18:49:13 UTC,ch_NOPE,-,Men's XXL,1,1,,,
280,2016-01-14 18:49:13 UTC,2016-01-14 18:49:13 UTC,General Admission + Training Day,Amira Craig,Amira,Craig,none@no.net,,,Sample Event,,0,GFGO-1,,https://ti.to/,https://ti.to/,GFGO,Nobody Bought This,none@no.net,-,-,-,0.0.0.0,2016-01-14 18:49:13 UTC,2016-01-14 18:49:13 UTC,ch_NOPE,-,Men's Large,1,1,,,
281,2016-01-14 18:49:13 UTC,2016-01-14 18:49:13 UTC,General Admission,Kaylah Bean,Kaylah,Bean,none@no.net,,,Sample Event,,0,POWF-1,,https://ti.to/,https://ti.to/,POWF,Nobody Bought This,none@no.net,-,-,-,0.0.0.0,2016-01-14 18:49:13 UTC,2016-01-14 18:49:13 UTC,ch_NOPE,-,Men's XL,1,,,,
282,2016-01-14 18:49:13 UTC,2016-01-14 18:49:13 UTC,General Admission + Training Day,Spencer Morrison,Spencer,Morrison,none@no.net,,,Sample Event,,0,1ZQ6-1,,https://ti.to/,https://ti.to/,1ZQ6,Nobody Bought This,none@no.net,-,-,-,0.0.0.0,2016-01-14 18:49:13 UTC,2016-01-14 18:49:13 UTC,ch_NOPE,-,Men's XL,1,1,,,
283,2016-01-14 18:49:13 UTC,2016-01-14 18:49:13 UTC,General Admission + Training Day,Jaidyn Booker,Jaidyn,Booker,none@no.net,,,Sample Event,,0,G5CS-1,,https://ti.to/,https://ti.to/,G5CS,Nobody Bought This,none@no.net,-,-,-,0.0.0.0,2016-01-14 18:49:13 UTC,2016-01-14 18:49:13 UTC,ch_NOPE,-,Men's XXXL,1,1,,,
284,2016-01-14 18:49:13 UTC,2016-01-14 18:49:13 UTC,General Admission + Training Day,Carla Larsen,Carla,Larsen,none@no.net,,,Sample Event,,0,B5D6-1,,https://ti.to/,https://ti.to/,B5D6,Nobody Bought This,none@no.net,-,-,-,0.0.0.0,2016-01-14 18:49:13 UTC,2016-01-14 18:49:13 UTC,ch_NOPE,-,Men's Large,1,1,,,
285,2016-01-14 18:49:13 UTC,2016-01-14 18:49:13 UTC,General Admission + Training Day,Javier Burns,Javier,Burns,none@no.net,,,Sample Event,,0,A5U4-1,,https://ti.to/,https://ti.to/,A5U4,Nobody Bought This,none@no.net,-,-,-,0.0.0.0,2016-01-14 18:49:13 UTC,2016-01-14 18:49:13 UTC,ch_NOPE,-,Men's XXL,1,1,,,
286,2016-01-14 18:49:13 UTC,2016-01-14 18:49:13 UTC,General Admission + Training Day,Anya Herrera,Anya,Herrera,none@no.net,,,Sample Event,,0,CP20-1,,https://ti.to/,https://ti.to/,CP20,Nobody Bought This,none@no.net,-,-,-,0.0.0.0,2016-01-14 18:49:13 UTC,2016-01-14 18:49:13 UTC,ch_NOPE,-,Men's XL,1,1,,,
287,2016-01-14 18:49:13 UTC,2016-01-14 18:49:13 UTC,General Admission,Rylie Kent,Rylie,Kent,none@no.net,,,Sample Event,,0,6XN3-1,,https://ti.to/,https://ti.to/,6XN3,Nobody Bought This,none@no.net,-,-,-,0.0.0.0,2016-01-14 18:49:13 UTC,2016-01-14 18:49:13 UTC,ch_NOPE,-,Men's Large,1,,,,
288,2016-01-14 18:49:13 UTC,2016-01-14 18:49:13 UTC,General Admission + Training Day,Keenan Schwartz,Keenan,Schwartz,none@no.net,,,Sample Event,,0,WJJE-1,,https://ti.to/,https://ti.to/,WJJE,Nobody Bought This,none@no.net,-,-,-,0.0.0.0,2016-01-14 18:49:13 UTC,2016-01-14 18:49:13 UTC,ch_NOPE,-,Men's XL,1,1,,,
289,2016-01-14 18:49:13 UTC,2016-01-14 18:49:13 UTC,General Admission + Training Day,Wayne Dominguez,Wayne,Dominguez,none@no.net,,,Sample Event,,0,MJF9-1,,https://ti.to/,https://ti.to/,MJF9,Nobody Bought This,none@no.net,-,-,-,0.0.0.0,2016-01-14 18:49:13 UTC,2016-01-14 18:49:13 UTC,ch_NOPE,-,Men's Large,1,1,,,
290,2016-01-14 18:49:13 UTC,2016-01-14 18:49:13 UTC,General Admission + Training Day,Lailah Osborn,Lailah,Osborn,none@no.net,,,Sample Event,,0,QD53-1,,https://ti.to/,https://ti.to/,QD53,Nobody Bought This,none@no.net,-,-,-,0.0.0.0,2016-01-14 18:49:13 UTC,2016-01-14 18:49:13 UTC,ch_NOPE,-,Men's Large,1,1,,,
291,2016-01-14 18:49:13 UTC,2016-01-14 18:49:13 UTC,General Admission + Training Day,Quinn Arnold,Quinn,Arnold,none@no.net,,,Sample Event,,0,77XQ-1,,https://ti.to/,https://ti.to/,77XQ,Nobody Bought This,none@no.net,-,-,-,0.0.0.0,2016-01-14 18:49:13 UTC,2016-01-14 18:49:13 UTC,ch_NOPE,-,Men's Large,1,1,,,
292,2016-01-14 18:49:13 UTC,2016-01-14 18:49:13 UTC,General Admission + Training Day,Davian Duffy,Davian,Duffy,none@no.net,,,Sample Event,,0,GWDX-1,,https://ti.to/,https://ti.to/,GWDX,Nobody Bought This,none@no.net,-,-,-,0.0.0.0,2016-01-14 18:49:13 UTC,2016-01-14 18:49:13 UTC,ch_NOPE,-,Men's Large,1,1,,,
293,2016-01-14 18:49:13 UTC,2016-01-14 18:49:13 UTC,General Admission + Training Day,Cale Keith,Cale,Keith,none@no.net,,,Sample Event,,0,HGUO-1,,https://ti.to/,https://ti.to/,HGUO,Nobody Bought This,none@no.net,-,-,-,0.0.0.0,2016-01-14 18:49:13 UTC,2016-01-14 18:49:13 UTC,ch_NOPE,-,Men's Large,1,1,,,
294,2016-01-14 18:49:13 UTC,2016-01-14 18:49:13 UTC,General Admission,Riley Love,Riley,Love,none@no.net,,,Sample Event,,0,VUTR-1,,https://ti.to/,https://ti.to/,VUTR,Nobody Bought This,none@no.net,-,-,-,0.0.0.0,2016-01-14 18:49:13 UTC,2016-01-14 18:49:13 UTC,ch_NOPE,-,Men's Medium,1,,,,
295,2016-01-14 18:49:13 UTC,2016-01-14 18:49:13 UTC,General Admission + Training Day,Santos Rollins,Santos,Rollins,none@no.net,,,Sample Event,,0,4W4B-1,,https://ti.to/,https://ti.to/,4W4B,Nobody Bought This,none@no.net,-,-,-,0.0.0.0,2016-01-14 18:49:13 UTC,2016-01-14 18:49:13 UTC,ch_NOPE,-,Men's Large,1,1,,,
296,2016-01-14 18:49:13 UTC,2016-01-14 18:49:13 UTC,General Admission + Training Day,Thomas Wagner,Thomas,Wagner,none@no.net,,,Sample Event,,0,PXBC-1,,https://ti.to/,https://ti.to/,PXBC,Nobody Bought This,none@no.net,-,-,-,0.0.0.0,2016-01-14 18:49:13 UTC,2016-01-14 18:49:13 UTC,ch_NOPE,-,Men's XL,1,1,,,
297,2016-01-14 18:49:13 UTC,2016-01-14 18:49:13 UTC,Training Day,Jesus Walters,Jesus,Walters,none@no.net,,,Sample Event,,0,RM12-1,,https://ti.to/,https://ti.to/,RM12,Nobody Bought This,none@no.net,-,-,-,0.0.0.0,2016-01-14 18:49:13 UTC,2016-01-14 18:49:13 UTC,ch_NOPE,-,Men's XL,,1,,,
298,2016-01-14 18:49:13 UTC,2016-01-14 18:49:13 UTC,General Admission + Training Day,Britney Cunningham,Britney,Cunningham,none@no.net,,,Sample Event,,0,ZEP6-1,,https://ti.to/,https://ti.to/,ZEP6,Nobody Bought This,none@no.net,-,-,-,0.0.0.0,2016-01-14 18:49:13 UTC,2016-01-14 18:49:13 UTC,ch_NOPE,-,Men's Medium,1,1,,,
299,2016-01-14 18:49:13 UTC,2016-01-14 18:49:13 UTC,General Admission + Training Day,Ava Willis,Ava,Willis,none@no.net,,,Sample Event,,0,A07F-1,,https://ti.to/,https://ti.to/,A07F,Nobody Bought This,none@no.net,-,-,-,0.0.0.0,2016-01-14 18:49:13 UTC,2016-01-14 18:49:13 UTC,ch_NOPE,-,Men's Medium,1,1,,,
300,2016-01-14 18:49:13 UTC,2016-01-14 18:49:13 UTC,General Admission + Training Day,Kailee Valentine,Kailee,Valentine,none@no.net,,,Sample Event,,0,1LUK-1,,https://ti.to/,https://ti.to/,1LUK,Nobody Bought This,none@no.net,-,-,-,0.0.0.0,2016-01-14 18:49:13 UTC,2016-01-14 18:49:13 UTC,ch_NOPE,-,Men's XL,1,1,,,
301,2016-01-14 18:49:13 UTC,2016-01-14 18:49:13 UTC,General Admission,Elle Schmitt,Elle,Schmitt,none@no.net,,,Sample Event,,0,UZWQ-1,,https://ti.to/,https://ti.to/,UZWQ,Nobody Bought This,none@no.net,-,-,-,0.0.0.0,2016-01-14 18:49:13 UTC,2016-01-14 18:49:13 UTC,ch_NOPE,-,Men's XL,1,,,,
302,2016-01-14 18:49:13 UTC,2016-01-14 18:49:13 UTC,General Admission,Rhett Hood,Rhett,Hood,none@no.net,,,Sample Event,,0,Y4S2-1,,https://ti.to/,https://ti.to/,Y4S2,Nobody Bought This,none@no.net,-,-,-,0.0.0.0,2016-01-14 18:49:13 UTC,2016-01-14 18:49:13 UTC,ch_NOPE,-,Men's Medium,1,,,,
303,2016-01-14 18:49:13 UTC,2016-01-14 18:49:13 UTC,General Admission + Training Day,Mylie Ballard,Mylie,Ballard,none@no.net,,,Sample Event,,0,ZXE3-1,,https://ti.to/,https://ti.to/,ZXE3,Nobody Bought This,none@no.net,-,-,-,0.0.0.0,2016-01-14 18:49:13 UTC,2016-01-14 18:49:13 UTC,ch_NOPE,-,Men's XL,1,1,,,
304,2016-01-14 18:49:13 UTC,2016-01-14 18:49:13 UTC,General Admission + Training Day,Emelia Cooke,Emelia,Cooke,none@no.net,,,Sample Event,,0,J4OJ-1,,https://ti.to/,https://ti.to/,J4OJ,Nobody Bought This,none@no.net,-,-,-,0.0.0.0,2016-01-14 18:49:13 UTC,2016-01-14 18:49:13 UTC,ch_NOPE,-,Men's Medium,1,1,,,
305,2016-01-14 18:49:13 UTC,2016-01-14 18:49:13 UTC,General Admission + Training Day,Jenny Beck,Jenny,Beck,none@no.net,,,Sample Event,,0,5V94-1,,https://ti.to/,https://ti.to/,5V94,Nobody Bought This,none@no.net,-,-,-,0.0.0.0,2016-01-14 18:49:13 UTC,2016-01-14 18:49:13 UTC,ch_NOPE,-,Women's Small,1,1,,,
306,2016-01-14 18:49:13 UTC,2016-01-14 18:49:13 UTC,General Admission,Clay Mcbride,Clay,Mcbride,none@no.net,,,Sample Event,,0,4L8D-1,,https://ti.to/,https://ti.to/,4L8D,Nobody Bought This,none@no.net,-,-,-,0.0.0.0,2016-01-14 18:49:13 UTC,2016-01-14 18:49:13 UTC,ch_NOPE,-,Men's Large,1,,,,
307,2016-01-14 18:49:13 UTC,2016-01-14 18:49:13 UTC,General Admission,Marlene Li,Marlene,Li,none@no.net,,,Sample Event,,0,0XO4-1,,https://ti.to/,https://ti.to/,0XO4,Nobody Bought This,none@no.net,-,-,-,0.0.0.0,2016-01-14 18:49:13 UTC,2016-01-14 18:49:13 UTC,ch_NOPE,-,Men's Large,1,,,,
308,2016-01-14 18:49:13 UTC,2016-01-14 18:49:13 UTC,General Admission + Training Day,Yaritza Griffith,Yaritza,Griffith,none@no.net,,,Sample Event,,0,XOZS-1,,https://ti.to/,https://ti.to/,XOZS,Nobody Bought This,none@no.net,-,-,-,0.0.0.0,2016-01-14 18:49:13 UTC,2016-01-14 18:49:13 UTC,ch_NOPE,-,Men's XXXL,1,1,,,
309,2016-01-14 18:49:13 UTC,2016-01-14 18:49:13 UTC,General Admission,Taliyah Conner,Taliyah,Conner,none@no.net,,,Sample Event,,0,CTRZ-1,,https://ti.to/,https://ti.to/,CTRZ,Nobody Bought This,none@no.net,-,-,-,0.0.0.0,2016-01-14 18:49:13 UTC,2016-01-14 18:49:13 UTC,ch_NOPE,-,Men's Medium,1,,,,
310,2016-01-14 18:49:13 UTC,2016-01-14 18:49:13 UTC,General Admission,Yazmin Barrett,Yazmin,Barrett,none@no.net,,,Sample Event,,0,BUNW-1,,https://ti.to/,https://ti.to/,BUNW,Nobody Bought This,none@no.net,-,-,-,0.0.0.0,2016-01-14 18:49:13 UTC,2016-01-14 18:49:13 UTC,ch_NOPE,-,Men's Medium,1,,,,
311,2016-01-14 18:49:13 UTC,2016-01-14 18:49:13 UTC,General Admission,Kai Calhoun,Kai,Calhoun,none@no.net,,,Sample Event,,0,39CC-1,,https://ti.to/,https://ti.to/,39CC,Nobody Bought This,none@no.net,-,-,-,0.0.0.0,2016-01-14 18:49:13 UTC,2016-01-14 18:49:13 UTC,ch_NOPE,-,Men's Large,1,,,,
312,2016-01-14 18:49:13 UTC,2016-01-14 18:49:13 UTC,General Admission,Isla Clay,Isla,Clay,none@no.net,,,Sample Event,,0,9VXF-1,,https://ti.to/,https://ti.to/,9VXF,Nobody Bought This,none@no.net,-,-,-,0.0.0.0,2016-01-14 18:49:13 UTC,2016-01-14 18:49:13 UTC,ch_NOPE,-,Men's XL,1,,,,
313,2016-01-14 18:49:13 UTC,2016-01-14 18:49:13 UTC,General Admission,Omari Leblanc,Omari,Leblanc,none@no.net,,,Sample Event,,0,MXJF-1,,https://ti.to/,https://ti.to/,MXJF,Nobody Bought This,none@no.net,-,-,-,0.0.0.0,2016-01-14 18:49:13 UTC,2016-01-14 18:49:13 UTC,ch_NOPE,Vegetarian,Men's Medium,1,,,,
314,2016-01-14 18:49:13 UTC,2016-01-14 18:49:13 UTC,General Admission,Litzy Howell,Litzy,Howell,none@no.net,,,Sample Event,,0,M0PI-1,,https://ti.to/,https://ti.to/,M0PI,Nobody Bought This,none@no.net,-,-,-,0.0.0.0,2016-01-14 18:49:13 UTC,2016-01-14 18:49:13 UTC,ch_NOPE,-,Men's Medium,1,,,,
315,2016-01-14 18:49:13 UTC,2016-01-14 18:49:13 UTC,General Admission,Madyson Kim,Madyson,Kim,none@no.net,,,Sample Event,,0,1TZB-1,,https://ti.to/,https://ti.to/,1TZB,Nobody Bought This,none@no.net,-,-,-,0.0.0.0,2016-01-14 18:49:13 UTC,2016-01-14 18:49:13 UTC,ch_NOPE,-,Men's XL,1,,,,
316,2016-01-14 18:49:13 UTC,2016-01-14 18:49:13 UTC,General Admission,Laila Hinton,Laila,Hinton,none@no.net,,,Sample Event,,0,QYFL-1,,https://ti.to/,https://ti.to/,QYFL,Nobody Bought This,none@no.net,-,-,-,0.0.0.0,2016-01-14 18:49:13 UTC,2016-01-14 18:49:13 UTC,ch_NOPE,-,Men's Large,1,,,,
317,2016-01-14 18:49:13 UTC,2016-01-14 18:49:13 UTC,General Admission,Romeo Hale,Romeo,Hale,none@no.net,,,Sample Event,,0,8V1Z-1,,https://ti.to/,https://ti.to/,8V1Z,Nobody Bought This,none@no.net,-,-,-,0.0.0.0,2016-01-14 18:49:13 UTC,2016-01-14 18:49:13 UTC,ch_NOPE,-,Men's Medium,1,,,,
318,2016-01-14 18:49:13 UTC,2016-01-14 18:49:13 UTC,General Admission,Asher Park,Asher,Park,none@no.net,,,Sample Event,,0,NYIL-1,,https://ti.to/,https://ti.to/,NYIL,Nobody Bought This,none@no.net,-,-,-,0.0.0.0,2016-01-14 18:49:13 UTC,2016-01-14 18:49:13 UTC,ch_NOPE,-,Men's XXL,1,,,,
319,2016-01-14 18:49:13 UTC,2016-01-14 18:49:13 UTC,General Admission,Ray Hawkins,Ray,Hawkins,none@no.net,,,Sample Event,,0,IMA5-1,,https://ti.to/,https://ti.to/,IMA5,Nobody Bought This,none@no.net,-,-,-,0.0.0.0,2016-01-14 18:49:13 UTC,2016-01-14 18:49:13 UTC,ch_NOPE,-,Men's Large,1,,,,
320,2016-01-14 18:49:13 UTC,2016-01-14 18:49:13 UTC,General Admission + Training Day,Vivian Moreno,Vivian,Moreno,none@no.net,,,Sample Event,,0,J5DE-1,,https://ti.to/,https://ti.to/,J5DE,Nobody Bought This,none@no.net,-,-,-,0.0.0.0,2016-01-14 18:49:13 UTC,2016-01-14 18:49:13 UTC,ch_NOPE,-,Men's XXL,1,1,,,
321,2016-01-14 18:49:13 UTC,2016-01-14 18:49:13 UTC,General Admission + Training Day,Emmalee Schneider,Emmalee,Schneider,none@no.net,,,Sample Event,,0,AIS9-1,,https://ti.to/,https://ti.to/,AIS9,Nobody Bought This,none@no.net,-,-,-,0.0.0.0,2016-01-14 18:49:13 UTC,2016-01-14 18:49:13 UTC,ch_NOPE,-,Women's Medium,1,1,,,
322,2016-01-14 18:49:13 UTC,2016-01-14 18:49:13 UTC,General Admission,Arjun Pollard,Arjun,Pollard,none@no.net,,,Sample Event,,0,FTGM-1,,https://ti.to/,https://ti.to/,FTGM,Nobody Bought This,none@no.net,-,-,-,0.0.0.0,2016-01-14 18:49:13 UTC,2016-01-14 18:49:13 UTC,ch_NOPE,-,Men's XL,1,,,,
323,2016-01-14 18:49:13 UTC,2016-01-14 18:49:13 UTC,General Admission + Training Day,Sierra Gutierrez,Sierra,Gutierrez,none@no.net,,,Sample Event,,0,DI7S-1,,https://ti.to/,https://ti.to/,DI7S,Nobody Bought This,none@no.net,-,-,-,0.0.0.0,2016-01-14 18:49:13 UTC,2016-01-14 18:49:13 UTC,ch_NOPE,-,Men's Small,1,1,,,
324,2016-01-14 18:49:13 UTC,2016-01-14 18:49:13 UTC,General Admission + Training Day,Reginald Reed,Reginald,Reed,none@no.net,,,Sample Event,,0,4MGF-1,,https://ti.to/,https://ti.to/,4MGF,Nobody Bought This,none@no.net,-,-,-,0.0.0.0,2016-01-14 18:49:13 UTC,2016-01-14 18:49:13 UTC,ch_NOPE,-,Men's Large,1,1,,,
325,2016-01-14 18:49:13 UTC,2016-01-14 18:49:13 UTC,General Admission,Cruz Holmes,Cruz,Holmes,none@no.net,,,Sample Event,,0,30EO-1,,https://ti.to/,https://ti.to/,30EO,Nobody Bought This,none@no.net,-,-,-,0.0.0.0,2016-01-14 18:49:13 UTC,2016-01-14 18:49:13 UTC,ch_NOPE,-,Women's Large,1,,,,
326,2016-01-14 18:49:13 UTC,2016-01-14 18:49:13 UTC,General Admission,Dahlia Pennington,Dahlia,Pennington,none@no.net,,,Sample Event,,0,472X-1,,https://ti.to/,https://ti.to/,472X,Nobody Bought This,none@no.net,-,-,-,0.0.0.0,2016-01-14 18:49:13 UTC,2016-01-14 18:49:13 UTC,ch_NOPE,-,Men's Large,1,,,,
327,2016-01-14 18:49:13 UTC,2016-01-14 18:49:13 UTC,General Admission,Kyler Moss,Kyler,Moss,none@no.net,,,Sample Event,,0,O87A-1,,https://ti.to/,https://ti.to/,O87A,Nobody Bought This,none@no.net,-,-,-,0.0.0.0,2016-01-14 18:49:13 UTC,2016-01-14 18:49:13 UTC,ch_NOPE,-,Men's Medium,1,,,,
328,2016-01-14 18:49:13 UTC,2016-01-14 18:49:13 UTC,General Admission,Parker Petersen,Parker,Petersen,none@no.net,,,Sample Event,,0,ZU96-1,,https://ti.to/,https://ti.to/,ZU96,Nobody Bought This,none@no.net,-,-,-,0.0.0.0,2016-01-14 18:49:13 UTC,2016-01-14 18:49:13 UTC,ch_NOPE,-,Men's XXL,1,,,,
329,2016-01-14 18:49:13 UTC,2016-01-14 18:49:13 UTC,General Admission,Marianna Lozano,Marianna,Lozano,none@no.net,,,Sample Event,,0,PVAH-1,,https://ti.to/,https://ti.to/,PVAH,Nobody Bought This,none@no.net,-,-,-,0.0.0.0,2016-01-14 18:49:13 UTC,2016-01-14 18:49:13 UTC,ch_NOPE,-,Men's Large,1,,,,
330,2016-01-14 18:49:13 UTC,2016-01-14 18:49:13 UTC,General Admission,Alyvia Snyder,Alyvia,Snyder,none@no.net,,,Sample Event,,0,GFGO-1,,https://ti.to/,https://ti.to/,GFGO,Nobody Bought This,none@no.net,-,-,-,0.0.0.0,2016-01-14 18:49:13 UTC,2016-01-14 18:49:13 UTC,ch_NOPE,-,-,1,,,,
331,2016-01-14 18:49:13 UTC,2016-01-14 18:49:13 UTC,General Admission,Antonio Kline,Antonio,Kline,none@no.net,,,Sample Event,,0,POWF-1,,https://ti.to/,https://ti.to/,POWF,Nobody Bought This,none@no.net,-,-,-,0.0.0.0,2016-01-14 18:49:13 UTC,2016-01-14 18:49:13 UTC,ch_NOPE,-,Men's XXL,1,,,,
332,2016-01-14 18:49:13 UTC,2016-01-14 18:49:13 UTC,General Admission,Raina Mcguire,Raina,Mcguire,none@no.net,,,Sample Event,,0,1ZQ6-1,,https://ti.to/,https://ti.to/,1ZQ6,Nobody Bought This,none@no.net,-,-,-,0.0.0.0,2016-01-14 18:49:13 UTC,2016-01-14 18:49:13 UTC,ch_NOPE,Vegan,Men's XL,1,,,,
334,2016-01-14 18:49:13 UTC,2016-01-14 18:49:13 UTC,General Admission + Training Day,Cara Garcia,Cara,Garcia,none@no.net,,,Sample Event,,0,G5CS-1,,https://ti.to/,https://ti.to/,G5CS,Nobody Bought This,none@no.net,-,-,-,0.0.0.0,2016-01-14 18:49:13 UTC,2016-01-14 18:49:13 UTC,ch_NOPE,-,Men's XL,1,1,,,
335,2016-01-14 18:49:13 UTC,2016-01-14 18:49:13 UTC,General Admission,Mary Gibbs,Mary,Gibbs,none@no.net,,,Sample Event,,0,B5D6-1,,https://ti.to/,https://ti.to/,B5D6,Nobody Bought This,none@no.net,-,-,-,0.0.0.0,2016-01-14 18:49:13 UTC,2016-01-14 18:49:13 UTC,ch_NOPE,Vegetarian,Women's Small,1,,,,
336,2016-01-14 18:49:13 UTC,2016-01-14 18:49:13 UTC,General Admission,Brianna Sharp,Brianna,Sharp,none@no.net,,,Sample Event,,0,A5U4-1,,https://ti.to/,https://ti.to/,A5U4,Nobody Bought This,none@no.net,-,-,-,0.0.0.0,2016-01-14 18:49:13 UTC,2016-01-14 18:49:13 UTC,ch_NOPE,-,Men's Small,1,,,,
337,2016-01-14 18:49:13 UTC,2016-01-14 18:49:13 UTC,General Admission + Training Day,Armani Acevedo,Armani,Acevedo,none@no.net,,,Sample Event,,0,CP20-1,,https://ti.to/,https://ti.to/,CP20,Nobody Bought This,none@no.net,-,-,-,0.0.0.0,2016-01-14 18:49:13 UTC,2016-01-14 18:49:13 UTC,ch_NOPE,-,Men's XL,1,1,,,
338,2016-01-14 18:49:13 UTC,2016-01-14 18:49:13 UTC,General Admission + Training Day,Clarence Neal,Clarence,Neal,none@no.net,,,Sample Event,,0,6XN3-1,,https://ti.to/,https://ti.to/,6XN3,Nobody Bought This,none@no.net,-,-,-,0.0.0.0,2016-01-14 18:49:13 UTC,2016-01-14 18:49:13 UTC,ch_NOPE,-,Men's Medium,1,1,,,
339,2016-01-14 18:49:13 UTC,2016-01-14 18:49:13 UTC,General Admission + Training Day,Jayson Romero,Jayson,Romero,none@no.net,,,Sample Event,,0,WJJE-1,,https://ti.to/,https://ti.to/,WJJE,Nobody Bought This,none@no.net,-,-,-,0.0.0.0,2016-01-14 18:49:13 UTC,2016-01-14 18:49:13 UTC,ch_NOPE,-,Men's Large,1,1,,,
340,2016-01-14 18:49:13 UTC,2016-01-14 18:49:13 UTC,General Admission + Training Day,Madison Richards,Madison,Richards,none@no.net,,,Sample Event,,0,MJF9-1,,https://ti.to/,https://ti.to/,MJF9,Nobody Bought This,none@no.net,-,-,-,0.0.0.0,2016-01-14 18:49:13 UTC,2016-01-14 18:49:13 UTC,ch_NOPE,-,Men's Large,1,1,,,
341,2016-01-14 18:49:13 UTC,2016-01-14 18:49:13 UTC,Training Day,Gunner Spears,Gunner,Spears,none@no.net,,,Sample Event,,0,QD53-1,,https://ti.to/,https://ti.to/,QD53,Nobody Bought This,none@no.net,-,-,-,0.0.0.0,2016-01-14 18:49:13 UTC,2016-01-14 18:49:13 UTC,ch_NOPE,-,Men's Large,,1,,,
342,2016-01-14 18:49:13 UTC,2016-01-14 18:49:13 UTC,Training Day,Paige Flynn,Paige,Flynn,none@no.net,,,Sample Event,,0,77XQ-1,,https://ti.to/,https://ti.to/,77XQ,Nobody Bought This,none@no.net,-,-,-,0.0.0.0,2016-01-14 18:49:13 UTC,2016-01-14 18:49:13 UTC,ch_NOPE,-,Men's Large,,1,,,
343,2016-01-14 18:49:13 UTC,2016-01-14 18:49:13 UTC,Training Day,Ronan Poole,Ronan,Poole,none@no.net,,,Sample Event,,0,GWDX-1,,https://ti.to/,https://ti.to/,GWDX,Nobody Bought This,none@no.net,-,-,-,0.0.0.0,2016-01-14 18:49:13 UTC,2016-01-14 18:49:13 UTC,ch_NOPE,-,Men's Large,,1,,,
344,2016-01-14 18:49:13 UTC,2016-01-14 18:49:13 UTC,General Admission + Training Day,Jocelyn Kramer,Jocelyn,Kramer,none@no.net,,,Sample Event,,0,HGUO-1,,https://ti.to/,https://ti.to/,HGUO,Nobody Bought This,none@no.net,-,-,-,0.0.0.0,2016-01-14 18:49:13 UTC,2016-01-14 18:49:13 UTC,ch_NOPE,-,Men's Large,1,1,,,
345,2016-01-14 18:49:13 UTC,2016-01-14 18:49:13 UTC,General Admission + Training Day,Heidi Frank,Heidi,Frank,none@no.net,,,Sample Event,,0,VUTR-1,,https://ti.to/,https://ti.to/,VUTR,Nobody Bought This,none@no.net,-,-,-,0.0.0.0,2016-01-14 18:49:13 UTC,2016-01-14 18:49:13 UTC,ch_NOPE,-,Men's Large,1,1,,,
346,2016-01-14 18:49:13 UTC,2016-01-14 18:49:13 UTC,General Admission + Training Day,Holly Peck,Holly,Peck,none@no.net,,,Sample Event,,0,4W4B-1,,https://ti.to/,https://ti.to/,4W4B,Nobody Bought This,none@no.net,-,-,-,0.0.0.0,2016-01-14 18:49:13 UTC,2016-01-14 18:49:13 UTC,ch_NOPE,-,Men's Small,1,1,,,
347,2016-01-14 18:49:13 UTC,2016-01-14 18:49:13 UTC,General Admission + Training Day,Franklin Chase,Franklin,Chase,none@no.net,,,Sample Event,,0,PXBC-1,,https://ti.to/,https://ti.to/,PXBC,Nobody Bought This,none@no.net,-,-,-,0.0.0.0,2016-01-14 18:49:13 UTC,2016-01-14 18:49:13 UTC,ch_NOPE,-,Men's XL,1,1,,,
348,2016-01-14 18:49:13 UTC,2016-01-14 18:49:13 UTC,General Admission + Training Day,Damien Shepard,Damien,Shepard,none@no.net,,,Sample Event,,0,RM12-1,,https://ti.to/,https://ti.to/,RM12,Nobody Bought This,none@no.net,-,-,-,0.0.0.0,2016-01-14 18:49:13 UTC,2016-01-14 18:49:13 UTC,ch_NOPE,-,Men's Medium,1,1,,,
349,2016-01-14 18:49:13 UTC,2016-01-14 18:49:13 UTC,General Admission,Finley Parrish,Finley,Parrish,none@no.net,,,Sample Event,,0,ZEP6-1,,https://ti.to/,https://ti.to/,ZEP6,Nobody Bought This,none@no.net,-,-,-,0.0.0.0,2016-01-14 18:49:13 UTC,2016-01-14 18:49:13 UTC,ch_NOPE,-,Men's XL,1,,,,
350,2016-01-14 18:49:13 UTC,2016-01-14 18:49:13 UTC,General Admission,Armando Malone,Armando,Malone,none@no.net,,,Sample Event,,0,A07F-1,,https://ti.to/,https://ti.to/,A07F,Nobody Bought This,none@no.net,-,-,-,0.0.0.0,2016-01-14 18:49:13 UTC,2016-01-14 18:49:13 UTC,ch_NOPE,-,Men's Medium,1,,,,
351,2016-01-14 18:49:13 UTC,2016-01-14 18:49:13 UTC,General Admission + Training Day,Enrique Pineda,Enrique,Pineda,none@no.net,,,Sample Event,,0,1LUK-1,,https://ti.to/,https://ti.to/,1LUK,Nobody Bought This,none@no.net,-,-,-,0.0.0.0,2016-01-14 18:49:13 UTC,2016-01-14 18:49:13 UTC,ch_NOPE,-,-,1,1,,,
352,2016-01-14 18:49:13 UTC,2016-01-14 18:49:13 UTC,General Admission + Training Day,Santino Rowland,Santino,Rowland,none@no.net,,,Sample Event,,0,UZWQ-1,,https://ti.to/,https://ti.to/,UZWQ,Nobody Bought This,none@no.net,-,-,-,0.0.0.0,2016-01-14 18:49:13 UTC,2016-01-14 18:49:13 UTC,ch_NOPE,-,Men's XL,1,1,,,
353,2016-01-14 18:49:13 UTC,2016-01-14 18:49:13 UTC,General Admission,Roselyn Leach,Roselyn,Leach,none@no.net,,,Sample Event,,0,Y4S2-1,,https://ti.to/,https://ti.to/,Y4S2,Nobody Bought This,none@no.net,-,-,-,0.0.0.0,2016-01-14 18:49:13 UTC,2016-01-14 18:49:13 UTC,ch_NOPE,Vegetarian,Men's Small,1,,,,
354,2016-01-14 18:49:13 UTC,2016-01-14 18:49:13 UTC,General Admission,Shelby Roach,Shelby,Roach,none@no.net,,,Sample Event,,0,ZXE3-1,,https://ti.to/,https://ti.to/,ZXE3,Nobody Bought This,none@no.net,-,-,-,0.0.0.0,2016-01-14 18:49:13 UTC,2016-01-14 18:49:13 UTC,ch_NOPE,-,Men's Small,1,,,,
355,2016-01-14 18:49:13 UTC,2016-01-14 18:49:13 UTC,General Admission,Asa Baldwin,Asa,Baldwin,none@no.net,,,Sample Event,,0,J4OJ-1,,https://ti.to/,https://ti.to/,J4OJ,Nobody Bought This,none@no.net,-,-,-,0.0.0.0,2016-01-14 18:49:13 UTC,2016-01-14 18:49:13 UTC,ch_NOPE,-,Women's Small,1,,,,
356,2016-01-14 18:49:13 UTC,2016-01-14 18:49:13 UTC,Training Day,Miriam Cardenas,Miriam,Cardenas,none@no.net,,,Sample Event,,0,5V94-1,,https://ti.to/,https://ti.to/,5V94,Nobody Bought This,none@no.net,-,-,-,0.0.0.0,2016-01-14 18:49:13 UTC,2016-01-14 18:49:13 UTC,ch_NOPE,-,Women's Small,,1,,,
357,2016-01-14 18:49:13 UTC,2016-01-14 18:49:13 UTC,General Admission,Kadence Horn,Kadence,Horn,none@no.net,,,Sample Event,,0,4L8D-1,,https://ti.to/,https://ti.to/,4L8D,Nobody Bought This,none@no.net,-,-,-,0.0.0.0,2016-01-14 18:49:13 UTC,2016-01-14 18:49:13 UTC,ch_NOPE,-,Men's Large,1,,,,
358,2016-01-14 18:49:13 UTC,2016-01-14 18:49:13 UTC,General Admission,Jeremiah Lin,Jeremiah,Lin,none@no.net,,,Sample Event,,0,0XO4-1,,https://ti.to/,https://ti.to/,0XO4,Nobody Bought This,none@no.net,-,-,-,0.0.0.0,2016-01-14 18:49:13 UTC,2016-01-14 18:49:13 UTC,ch_NOPE,-,Men's Medium,1,,,,
359,2016-01-14 18:49:13 UTC,2016-01-14 18:49:13 UTC,General Admission,Javion Harding,Javion,Harding,none@no.net,,,Sample Event,,0,XOZS-1,,https://ti.to/,https://ti.to/,XOZS,Nobody Bought This,none@no.net,-,-,-,0.0.0.0,2016-01-14 18:49:13 UTC,2016-01-14 18:49:13 UTC,ch_NOPE,-,Men's Medium,1,,,,
360,2016-01-14 18:49:13 UTC,2016-01-14 18:49:13 UTC,General Admission + Training Day,Lucian Dickerson,Lucian,Dickerson,none@no.net,,,Sample Event,,0,CTRZ-1,,https://ti.to/,https://ti.to/,CTRZ,Nobody Bought This,none@no.net,-,-,-,0.0.0.0,2016-01-14 18:49:13 UTC,2016-01-14 18:49:13 UTC,ch_NOPE,-,Men's Large,1,1,,,
361,2016-01-14 18:49:13 UTC,2016-01-14 18:49:13 UTC,Training Day,Uriah Washington,Uriah,Washington,none@no.net,,,Sample Event,,0,BUNW-1,,https://ti.to/,https://ti.to/,BUNW,Nobody Bought This,none@no.net,-,-,-,0.0.0.0,2016-01-14 18:49:13 UTC,2016-01-14 18:49:13 UTC,ch_NOPE,-,Men's XXL,,1,,,
362,2016-01-14 18:49:13 UTC,2016-01-14 18:49:13 UTC,General Admission,Matias Luna,Matias,Luna,none@no.net,,,Sample Event,,0,39CC-1,,https://ti.to/,https://ti.to/,39CC,Nobody Bought This,none@no.net,-,-,-,0.0.0.0,2016-01-14 18:49:13 UTC,2016-01-14 18:49:13 UTC,ch_NOPE,-,Men's XL,1,,,,
363,2016-01-14 18:49:13 UTC,2016-01-14 18:49:13 UTC,General Admission,Lawson Davila,Lawson,Davila,none@no.net,,,Sample Event,,0,9VXF-1,,https://ti.to/,https://ti.to/,9VXF,Nobody Bought This,none@no.net,-,-,-,0.0.0.0,2016-01-14 18:49:13 UTC,2016-01-14 18:49:13 UTC,ch_NOPE,-,Men's Large,1,,,,
364,2016-01-14 18:49:13 UTC,2016-01-14 18:49:13 UTC,General Admission,Adam Blanchard,Adam,Blanchard,none@no.net,,,Sample Event,,0,MXJF-1,,https://ti.to/,https://ti.to/,MXJF,Nobody Bought This,none@no.net,-,-,-,0.0.0.0,2016-01-14 18:49:13 UTC,2016-01-14 18:49:13 UTC,ch_NOPE,-,Men's XXXL,1,,,,